{
  "epochs": 10,
  "val_mse": 0.4180173341717039,
  "bias2": 0.42747256999451017,
  "variance": 0.0018757133123775323
}